topic,question,answer
Scholarship Availability and Eligibility Criteria,Where can I find a comprehensive list of all available scholarships and their specific requirements?,Check your school's financial aid office website and use scholarship search engines like Fastweb or Sallie Mae.
Safety and Security on Campus,What is the process for students to report a crime or incident to campus security?,"To report a crime, contact campus security directly via phone, in person, or through their website/app (if available). They'll guide you through the process."
Hands-on Learning and Project-Based Curriculum,Are there any specific courses or programs that focus heavily on hands-on learning and project development?,"Yes! Look for programs in engineering, computer science, design, and vocational trades. Also, check for courses with titles including 'project-based learning,' 'studio,' or 'workshop.'"
Faculty Expertise and Research Opportunities,Are there specific faculty members known for mentoring undergraduate researchers particularly well?,"Yes, some professors are known for great undergrad mentoring. Check department websites or ask current students for recommendations!"
"Student Support Services (academic advising, counseling)",What is the typical caseload for an academic advisor?,"It varies, but expect an advisor to handle anywhere from 100 to 400 students."
Safety and Security on Campus,"Are there security cameras installed in key areas around campus, such as parking lots and residence halls?","Yes, security cameras are typically installed in key areas like parking lots and residence halls for safety."
Faculty Expertise and Research Opportunities,How does research experience typically benefit students applying to graduate school or jobs?,"Research experience makes your grad school or job application stronger by showing you're curious, can solve problems, and are dedicated to your field. It gives you skills and connections that set you apart!"
"Specific Program Strengths (e.g., Engineering, Design)",How does the curriculum adapt to the rapidly evolving landscape of the engineering field and emerging technologies?,"The curriculum stays current by regularly updating courses, adding new specializations, and incorporating real-world projects that reflect the latest industry trends."
Diversity and Inclusion Initiatives,What resources are available to students who experience discrimination or bias on campus?,"Your school likely has an office dedicated to diversity, equity, and inclusion. They can help! Also, check for student advocacy groups and reporting procedures outlined in the student handbook."
Cost of Living in Singapore,What are some affordable neighborhoods or areas to live in as a student?,"Look for places a bit further from campus, consider roommates, and check out areas with lots of students. Public transportation access is key to saving money too!"
Student-Faculty Ratio and Class Sizes,What is the university's policy on maximum class sizes?,"It varies by department and course level, so check the specific course listing or department website for the most accurate info."
Opportunities for International Exchange Programs,"How long do the exchange programs typically last (semester, year)?",Exchange programs usually last one semester or one academic year.
Academic Reputation and Ranking,How does the university's research output and impact contribute to its academic reputation?,"Strong research boosts a university's reputation by attracting top faculty, funding, and students, and by improving its rankings."
"Student Support Services (academic advising, counseling)",Are there any fees associated with using the counseling services?,"Counseling services are typically free for students, but it's best to check with the specific counseling center to confirm."
Student-Faculty Ratio and Class Sizes,Does the university track student satisfaction with class sizes and faculty accessibility?,It's best to check the university's website or contact them directly to see if they track student satisfaction with class sizes and faculty accessibility.
Scholarship Availability and Eligibility Criteria,"Does the university offer need-based scholarships, and how is financial need determined?","Yes, many universities offer need-based scholarships. Financial need is usually determined by reviewing your family's income and assets, often using forms like the FAFSA."
Diversity and Inclusion Initiatives,What specific programs or initiatives does the university have to support students from underrepresented backgrounds?,"Many universities offer programs like mentorships, scholarships, and cultural centers to support students from underrepresented backgrounds. Check the university's diversity and inclusion or student affairs website for specifics!"
Accommodation Options (on-campus and off-campus),Are there resident advisors or other support staff available in on-campus residences?,"Yes, most on-campus residences have resident advisors and other support staff."
Opportunities for International Exchange Programs,What types of academic programs are available through the exchange programs?,Exchange programs usually let you take courses in many subjects offered at the partner university. It's best to check the specific partner university's website to see what's available and if there are any restrictions for exchange students.
Accommodation Options (on-campus and off-campus),What are the typical lease terms for off-campus housing in the area?,Most off-campus leases around here are for a full year (12 months).
Location and Accessibility of the University,Does the university have bike storage facilities and promote cycling as a mode of transportation?,Check the university's website or transportation/sustainability office. They'll have info on bike storage and cycling initiatives.
Accommodation Options (on-campus and off-campus),What safety measures are in place for both on-campus and off-campus accommodation?,"Safety measures vary, but generally include security personnel, controlled access, emergency contacts, and safety training. Check with the specific accommodation for details."
Hands-on Learning and Project-Based Curriculum,Are there opportunities to work on real-world projects with industry partners or local organizations?,"Yes, many programs offer real-world project opportunities with industry partners and local organizations."
"Specific Program Strengths (e.g., Engineering, Design)","How does the program integrate hands-on learning experiences, such as labs, workshops, or internships?","The program includes labs, workshops, and internships to give you practical experience and real-world skills."
Hands-on Learning and Project-Based Curriculum,"How are students assessed on their project work? Is it purely based on the final product, or are process and teamwork also considered?","It depends on the specific project and course! Usually, assessment includes both the final product *and* the process (like teamwork, planning, and effort). Ask your instructor for details!"
Student-Faculty Ratio and Class Sizes,"Are there any specific programs or initiatives designed to improve student-faculty interaction, such as mentoring or research opportunities?","Yes, many colleges offer mentoring programs and research opportunities to boost student-faculty interaction. Check the specific department or program you're interested in for details!"
Internship Opportunities and Industry Connections,How does the university support students in finding and applying for internships?,"The university helps with internships through career services, which offer advising, workshops, and job boards with internship postings."
Networking Opportunities with Alumni,"What is the alumni engagement rate like, and how active are alumni in supporting current students?","Alumni engagement varies, but many universities actively work to connect alumni with current students through mentoring, networking events, and fundraising. Check the specific program's website or alumni association for detailed stats."
Accommodation Options (on-campus and off-campus),"What types of on-campus accommodation are available (e.g., dorms, apartments, suites)?","Dorms, apartments, and suites are typically available."
Campus Culture and Student Life,"What is the nightlife like around campus, and are there safe transportation options?","Nightlife varies! Some campuses have lively scenes, others are quieter. Check student reviews or campus guides. For safe rides, look into campus shuttles, ride-sharing programs, or well-lit walking routes."
Career Services and Graduate Employment Rate,"What types of career services are available to students, such as resume workshops, mock interviews, and career fairs?","Most colleges offer resume help, mock interviews, and career fairs to help you find a job!"
"Student Support Services (academic advising, counseling)",How confidential are the counseling and advising services?,"Counseling and advising are generally confidential. What you discuss stays private, with a few legal exceptions like if someone's safety is at risk."
Location and Accessibility of the University,"What public transportation options are available to get to and from campus (e.g., buses, trains, subways)?","Check the university website or transportation office! They'll have the most up-to-date info on buses, trains, and subways that serve the campus."
Internship Opportunities and Industry Connections,Does the university have partnerships with specific companies for internships?,"It varies by department, so check with your specific program!"
Student-Faculty Ratio and Class Sizes,"How has the student-faculty ratio changed over the past 5 years, and what are the projections for the future?","I cannot provide specific, up-to-the-minute data on student-faculty ratios or future projections. This kind of information changes frequently. Your best bet is to check the university's official website (look for facts and figures or institutional research) or contact the admissions office directly. They'll have the most accurate details!"
Student-Faculty Ratio and Class Sizes,"Are there any large lecture halls, and if so, what is the average size of a lecture in those halls?","Yes, we have large lecture halls. The average lecture size in those halls is about 150 students."
Faculty Expertise and Research Opportunities,Does the university offer any programs specifically designed to connect students with research opportunities?,"Yes, many universities have programs to help students find research opportunities. Check the university's website or talk to an advisor for details!"
Campus Culture and Student Life,"How accessible and utilized are the campus recreation facilities (gym, sports fields, etc.)?",Campus recreation facilities are generally very accessible and well-used by students!
"Campus Facilities and Resources (labs, library, maker spaces)","What are the opening hours of the main library, and are there any 24/7 study spaces available?","Check the library's website for the most up-to-date opening hours. Also, see if they list any 24/7 study spaces; many libraries offer them!"
Student-Faculty Ratio and Class Sizes,How does the student-faculty ratio vary between introductory and upper-level courses?,"Generally, introductory courses have higher student-faculty ratios than upper-level courses."
Academic Reputation and Ranking,How has the university's ranking trended over the past 5-10 years in major global rankings?,"University rankings can fluctuate, so it's best to check the latest reports from sources like US News & World Report, QS World University Rankings, and Times Higher Education to see the most recent trends."
Scholarship Availability and Eligibility Criteria,"Do scholarships cover the full cost of tuition, or are they partial awards?",Scholarships can be either full or partial. It depends on the specific scholarship!
Internship Opportunities and Industry Connections,What is the average length of an internship?,"Internships usually last around 3 months, but it can vary!"
Networking Opportunities with Alumni,What resources are available to help students craft compelling outreach messages to alumni?,"Your school's career services or alumni relations office usually has guides, templates, and workshops to help you write good outreach messages to alumni."
Safety and Security on Campus,"How often does campus security patrol the grounds, especially during evenings and weekends?","Campus security patrols regularly, including evenings and weekends. Contact the security office for specific patrol schedules."
Cost of Living in Singapore,Are there any hidden costs associated with living in Singapore that I should be aware of?,"Yes, Singapore can be expensive. Beyond rent and food, budget for transportation, healthcare (even with insurance), and entertainment. Also, helper costs if you plan to hire one."
Location and Accessibility of the University,Is the university located in a safe and walkable neighborhood?,Check the university's website or contact them directly for info on neighborhood safety and walkability. They'll have the most accurate details!
Hands-on Learning and Project-Based Curriculum,"What is the average team size for project-based assignments, and how are teams formed?","Team sizes usually range from 3-5 students. Teams are often formed based on student interests or skills, sometimes with instructor guidance."
Safety and Security on Campus,What measures are in place to prevent and respond to on-campus violence?,"We have security, emergency plans, and reporting systems to prevent and respond to on-campus violence. We also offer training and resources to promote a safe environment."
Tuition Fees and Financial Aid Options,What types of financial aid are available to international students?,"Unfortunately, international students often have limited access to federal financial aid. Focus on scholarships, grants specifically for international students, and potential funding from your home country or the university itself."
Faculty Expertise and Research Opportunities,How do I find out which faculty members are accepting undergraduate research assistants?,"Check the department website, look for faculty research pages, or simply email professors whose work interests you to ask!"
Diversity and Inclusion Initiatives,How does the university measure the success of its diversity and inclusion initiatives?,"The university tracks things like student and faculty demographics, campus climate surveys, and participation in diversity programs to see if their initiatives are working."
"Campus Facilities and Resources (labs, library, maker spaces)","What types of specialized labs are available for students in [mention specific major]? (e.g., wet labs, computer labs, engineering labs)","It depends on the specific major! Tell me which major you're interested in, and I can give you a list of specialized labs."
Hands-on Learning and Project-Based Curriculum,"What resources and support are available to students working on projects, such as lab access, mentorship, or funding?","Lots! Think labs, mentors (professors & experienced students), and sometimes even funding for materials or travel. Check your department's website or ask your advisor for specifics."
"Specific Program Strengths (e.g., Engineering, Design)",What are some recent successful projects or research initiatives undertaken by students or faculty in the engineering department?,"To find recent successful projects, check the engineering department's website for news, publications, and student awards. Also, look for showcased projects at department events!"
Safety and Security on Campus,"How does the university handle reports of sexual assault or harassment, and what resources are available to survivors?","The university takes reports of sexual assault/harassment very seriously. They have a dedicated office to investigate and offer support. Resources include counseling, medical care, legal assistance, and options for academic/housing adjustments."
Extracurricular Activities and Clubs,What support systems are in place for students balancing academics and extracurricular commitments?,"Many schools offer academic advising, tutoring, time management workshops, and flexible scheduling options to help you balance everything!"
Academic Reputation and Ranking,Does the university actively seek accreditation from reputable academic bodies?,"Yes, most universities pursue accreditation to show they meet quality standards."
Faculty Expertise and Research Opportunities,What are the typical time commitments involved in undergraduate research projects?,"Expect to spend 5-15 hours per week on research, but it varies by project and professor."
"Student Support Services (academic advising, counseling)","What types of academic advising are available (e.g., major-specific, general)?",You'll usually find both general advising (for overall college success) and major-specific advising (focused on your chosen field).
Academic Reputation and Ranking,Are there specific departments or programs within the university that are particularly highly regarded nationally or internationally?,"Yes, many! Check rankings in your field of interest (e.g., Engineering, Business, Arts) to see which departments shine."
Hands-on Learning and Project-Based Curriculum,"How is project-based learning integrated into the core curriculum, and what percentage of my grade will it contribute?","Project-based learning is a key part of many courses! The percentage of your grade it contributes varies by class, but it's usually a significant portion, often around 20-40%."
Diversity and Inclusion Initiatives,Are there any student organizations or groups focused on diversity and inclusion that I could join?,"Yes, most colleges have many diversity and inclusion groups! Check the student activities website or student union for a list."
Diversity and Inclusion Initiatives,How does the university promote inclusive teaching practices among its faculty?,"Check the university's website! Look for resources on teaching, diversity, equity, and inclusion. They often have workshops, training, and guides for faculty."
"Campus Facilities and Resources (labs, library, maker spaces)","What are the policies regarding reserving lab time or equipment, and how far in advance do I need to book?","Lab time/equipment policies vary! Check your department's website or ask your professor/lab manager. Booking deadlines depend on demand, so inquire early â€“ at least a week in advance is a good starting point."
Diversity and Inclusion Initiatives,Does the university offer any scholarships or financial aid specifically for students from diverse backgrounds?,"Yes, many universities offer scholarships and financial aid for students from diverse backgrounds. Check the university's financial aid website and search for diversity scholarships."
"Specific Program Strengths (e.g., Engineering, Design)","What specific areas within engineering does your program excel in (e.g., robotics, sustainable energy, biomedical)?","Our program is really strong in robotics, sustainable energy, and biomedical engineering."
Tuition Fees and Financial Aid Options,What is the deadline to apply for financial aid?,"The financial aid deadline depends on the school, so check their financial aid website!"
Student-Faculty Ratio and Class Sizes,What is the typical class size for a freshman-level course in [Specific Major]?,"Freshman classes in [Specific Major] usually have around [Number] students, but it can vary depending on the specific course."
Diversity and Inclusion Initiatives,What percentage of the student body and faculty identify as belonging to underrepresented groups?,I can't provide specific percentages without knowing which school you're asking about. Check the school's website or diversity report for that info!
Location and Accessibility of the University,"Are there grocery stores, restaurants, and other essential amenities within walking distance or a short commute from the university?","Yes, most universities have grocery stores, restaurants, and other essentials nearby, either within walking distance or a short commute."
Academic Reputation and Ranking,How does the university define and measure its academic reputation?,"Academic reputation is usually defined by things like rankings (US News, etc.), research impact (citations, publications), and expert opinions (surveys of academics). The university likely tracks these metrics to gauge its standing."
Safety and Security on Campus,Are there any specific safety concerns or areas on campus that students should be aware of?,"Be aware of your surroundings, especially at night. Use campus security escorts if needed, and report anything suspicious."
Extracurricular Activities and Clubs,Does the university provide funding or resources for clubs and organizations?,"Yes, most universities offer funding and resources for clubs and organizations. Check the student government or student activities office for details!"
Scholarship Availability and Eligibility Criteria,What types of scholarships are available to incoming freshmen?,Scholarships for freshmen usually fall into two main types: merit-based (based on grades and test scores) and need-based (based on your family's financial situation). Check the university's website for specific scholarships and eligibility requirements!
"Student Support Services (academic advising, counseling)","What kind of counseling services are offered (e.g., individual, group, crisis intervention)?","Most colleges offer individual counseling, and many also provide group counseling and crisis intervention services."
Tuition Fees and Financial Aid Options,Are there any work-study programs available on campus?,"Yes, most campuses offer work-study programs. Check the financial aid office for details and eligibility!"
Internship Opportunities and Industry Connections,What resources are available to help students prepare for internship interviews?,"Your school's career center is the best place to start! They offer mock interviews, resume reviews, and often have workshops on interview skills."
Location and Accessibility of the University,Does the university offer any shuttle services or transportation assistance for students?,Check the university's website or transportation/student services department for info on shuttles and transportation assistance.
Faculty Expertise and Research Opportunities,Are there opportunities to present research findings at conferences or in publications?,"Yes, many programs offer opportunities to present research at conferences and in publications."
Internship Opportunities and Industry Connections,What types of internships are typically available to students in my major?,"Internship types depend on your major! Research your department's website and career services for specific examples. Generally, think roles related to your field, like engineering internships for engineering majors, marketing internships for marketing majors, etc."
"Campus Facilities and Resources (labs, library, maker spaces)",Does the university offer any research grants or funding opportunities for students to utilize the labs and resources for their own projects?,"Yes, most universities offer research grants and funding for student projects using their labs. Check the university's research office or your department's website for details!"
Extracurricular Activities and Clubs,How do I find out about upcoming club events and meetings?,"Check the club's website, social media, or campus bulletin boards. You can also ask a club officer directly!"
Extracurricular Activities and Clubs,Are there opportunities for leadership roles within clubs and organizations?,"Yes, many clubs offer leadership positions!"
Faculty Expertise and Research Opportunities,What percentage of undergraduate students in this department typically participate in research?,Many do! Around 40-60% of undergrads in this department get involved in research.
Faculty Expertise and Research Opportunities,"What kind of support (funding, mentorship, resources) is available for undergraduate researchers?","Lots! Look for scholarships, grants, faculty mentors, and university research programs. Check your department's website and talk to professors!"
Networking Opportunities with Alumni,What online platforms or databases are available to search for and connect with alumni?,LinkedIn is your best bet for finding and connecting with alumni online.
Diversity and Inclusion Initiatives,Are there opportunities for students to participate in diversity and inclusion training or workshops?,"Yes, many colleges offer diversity and inclusion training and workshops for students."
Cost of Living in Singapore,"How much should I budget for food each month, considering both eating out and cooking at home?","Budgeting for food depends on your eating habits! A good starting point is $300-$500 per month, but adjust based on how often you eat out versus cook at home."
Hands-on Learning and Project-Based Curriculum,What are some examples of successful student projects that have come out of this curriculum?,"Sorry, I don't have specific examples of successful student projects from *this* curriculum. I need more information about the curriculum to give you relevant examples."
Location and Accessibility of the University,What is the typical commute time for students living off-campus?,"Off-campus commute times vary greatly! It depends on where you live and how you travel, but plan for anywhere from 15 minutes to an hour or more."
Internship Opportunities and Industry Connections,Are there opportunities for international internships?,"Yes, many universities offer international internship programs. Check with your department or career services for details!"
Accommodation Options (on-campus and off-campus),"What off-campus housing options are popular among students, and how far are they from campus?","Popular off-campus options include apartments near the university (0-2 miles), houses in nearby neighborhoods (1-5 miles), and shared student housing (0.5-3 miles). Distances vary, so check specific locations!"
Extracurricular Activities and Clubs,"Are there any clubs specifically geared towards my major (e.g., engineering, biology, etc.)?","Yes, most likely! Check your department's website or ask an advisor for a list of major-specific clubs."
Internship Opportunities and Industry Connections,Are internships typically paid or unpaid?,"Internships can be either paid or unpaid, but paid internships are becoming more common, especially in competitive fields."
Campus Culture and Student Life,What is the general attitude towards academics and intellectual pursuits among students?,"It varies! Some students are super passionate about learning, while others are more focused on other aspects of college life. You'll find all types!"
Academic Reputation and Ranking,What strategies does the university employ to improve its academic reputation and ranking?,"Universities boost their reputation by attracting top students and faculty, investing in research, and improving teaching quality."
"Campus Facilities and Resources (labs, library, maker spaces)","Are there any fees associated with using the labs, maker spaces, or other campus resources?","It depends! Some resources are free, others might have fees for materials, training, or specific projects. Check with the specific lab or maker space you're interested in."
Career Services and Graduate Employment Rate,How does the university connect students with potential employers and internship opportunities?,"The university helps you find jobs and internships through career fairs, online job boards, and connections with alumni and companies."
Campus Culture and Student Life,What resources are available to support student well-being and mental health?,"Your school likely offers counseling services, health centers, and student support groups. Check your student handbook or school website for details!"
Networking Opportunities with Alumni,What formal programs does the university offer to connect current students with alumni for networking?,"Check the university's career services website or alumni relations office. They usually have mentoring programs, networking events, and online platforms to connect you with alumni."
Opportunities for International Exchange Programs,How does the university ensure the safety and well-being of students participating in exchange programs?,"The university helps keep exchange students safe with things like pre-departure orientations, on-site support from partner universities, emergency contact systems, and insurance coverage. They also assess the safety of partner locations."
Networking Opportunities with Alumni,Are there opportunities to network with alumni during career fairs or industry-specific events?,"Yes, career fairs and industry events often include alumni networking opportunities."
Internship Opportunities and Industry Connections,What percentage of graduates secure full-time employment with companies they interned with?,"It varies, but a good estimate is around 50-70% of interns get full-time offers from their internship company."
Cost of Living in Singapore,What is the average monthly rent for a student apartment near the university?,"Student apartment rent near the university varies, but expect to pay around $800-$1500 per month on average. Check online listings and university resources for the most up-to-date prices."
Hands-on Learning and Project-Based Curriculum,"Are there opportunities to present or showcase completed projects, such as at conferences or university events?","Yes, many universities offer opportunities to present projects at conferences and events."
Academic Reputation and Ranking,How does the university's alumni network contribute to its reputation and career prospects for graduates?,"The alumni network boosts the university's reputation by showcasing successful grads. It helps current students and graduates with career opportunities through networking, mentoring, and job leads."
Student-Faculty Ratio and Class Sizes,What is the average student-faculty ratio across all departments?,I can't give you a precise average student-faculty ratio across *all* departments without access to a specific university's data. This information varies greatly from school to school and even department to department. Check the university's website or contact the admissions office for that information.
Accommodation Options (on-campus and off-campus),"What is the average cost of on-campus accommodation per semester or year, and what does that include (utilities, internet, etc.)?","On-campus housing costs vary greatly! Check the specific university's website for their rates. Typically, costs range from $5,000-$15,000 per year, and usually include utilities (water, electricity, heat) and internet access. Read the fine print to be sure!"
Cost of Living in Singapore,What is the estimated cost of textbooks and other academic materials per semester?,"Textbooks and materials can vary widely, but budget around $300-$500 per semester. It depends on your courses!"
Opportunities for International Exchange Programs,"What is the application process like, and what are the deadlines?","The application process usually involves submitting an online application, transcripts, test scores (if required), letters of recommendation, and a personal essay. Deadlines vary, but generally fall between December and February for Fall admission. Check the specific program's website for exact dates!"
Networking Opportunities with Alumni,Are there specific alumni networks organized by major or career field that I can join?,"Yes, many universities have alumni networks organized by major or career field. Check your university's alumni website or career services for details."
Cost of Living in Singapore,"What are the average utility costs (electricity, water, internet) per month for a student apartment?","Expect to pay around $100-$200 per month total for utilities (electricity, water, internet) in a student apartment. This can vary based on location, usage, and included services."
Academic Reputation and Ranking,"What is the student-to-faculty ratio, and how does this impact the quality of education?","The student-to-faculty ratio shows how many students each professor is responsible for. A lower ratio generally means more individual attention, potentially leading to a better learning experience."
"Specific Program Strengths (e.g., Engineering, Design)","What kind of industry partnerships does the engineering program have, and how do these benefit students?","Engineering programs often partner with companies. This gives you internships, research opportunities, and sometimes even job offers after graduation!"
Career Services and Graduate Employment Rate,Are there opportunities for students to network with alumni working in their desired fields?,"Yes, many universities offer alumni networking events and platforms to connect students with alumni in their fields."
Opportunities for International Exchange Programs,"What are the eligibility requirements for participating in an exchange program (GPA, year of study, etc.)?","Eligibility varies by program and university! Generally, you'll need a good GPA (usually 3.0 or higher), be in good academic standing, and have completed at least one year of study. Check your university's exchange program website for specific requirements."
Campus Culture and Student Life,How would you describe the overall social atmosphere on campus?,"It's generally friendly and welcoming, with lots of opportunities to connect with people through clubs, events, and study groups."
"Specific Program Strengths (e.g., Engineering, Design)",What career services and resources are available specifically for engineering students to help with job placement after graduation?,"Engineering students often get specialized career help like resume workshops, mock interviews with industry professionals, company-specific info sessions, and job boards tailored to engineering roles. Check your department and university career center for details!"
Scholarship Availability and Eligibility Criteria,"Are there scholarships specifically for students in my intended major (e.g., engineering)?","Yes, many scholarships are major-specific! Search online using your major and 'scholarships' to find them."
Opportunities for International Exchange Programs,"What support services are offered to students while they are abroad (housing, health insurance, academic advising)?","Most study abroad programs offer support for housing, health insurance, and academic advising. Check with your specific program for details!"
Campus Culture and Student Life,What is the relationship like between students and faculty outside of the classroom?,"It varies! Some professors are very approachable and encourage interaction outside class, like during office hours or at department events. Others are more focused on classroom time. It's best to be proactive and reach out if you need help or want to connect."
Location and Accessibility of the University,How easy is it to travel to other parts of the city or region from the university?,"It depends on the university! Generally, universities have good access to public transport, making it easy to get around the city and region."
Networking Opportunities with Alumni,Does the university host any alumni events on campus that students can attend?,"It varies, but some departments or colleges might allow students to attend certain alumni events. Check with your department!"
Tuition Fees and Financial Aid Options,Does the university offer any merit-based scholarships?,"Yes, many universities offer merit-based scholarships. Check the university's financial aid or scholarship page for details and eligibility requirements."
Career Services and Graduate Employment Rate,What resources are available to help students explore different career paths and industries?,"Your school's career center is the best place to start! They offer advising, workshops, and connections to alumni and employers. Also, check out online resources like LinkedIn and industry-specific websites to research different careers."
"Campus Facilities and Resources (labs, library, maker spaces)","Are there dedicated computer labs for general student use, and what software is typically installed on those computers?","Yes, there are general student computer labs. They usually have software like Microsoft Office, web browsers, and sometimes specialized programs depending on the campus."
Career Services and Graduate Employment Rate,"What is the graduate employment rate for students in my specific major (e.g., Computer Science)?",Employment rates vary by major and school. Check your specific program's website or contact the department directly for the most accurate data.
Safety and Security on Campus,"What kind of training does campus security receive, and are they armed?","Campus security training varies. Some are armed and have police powers, requiring extensive training. Others are unarmed and focus on de-escalation and safety. Check the specific campus's security website for details."
Career Services and Graduate Employment Rate,How does the Career Services department collaborate with academic departments to ensure students are prepared for the workforce?,Career Services works with your professors to make sure what you're learning in class connects to real-world jobs and skills employers need.
Internship Opportunities and Industry Connections,How does the university facilitate networking events with industry professionals?,"The university hosts career fairs, industry speaker series, and alumni networking events to connect you with professionals."
Cost of Living in Singapore,Are there any financial aid programs or scholarships available to help cover the cost of living?,"Yes, check with the financial aid office about grants, scholarships, and work-study programs that can help with living expenses."
Faculty Expertise and Research Opportunities,Are there opportunities for undergraduate students to participate in faculty research projects?,"Yes, many universities offer research opportunities for undergrads. Check with your professors and departments!"
Career Services and Graduate Employment Rate,Does the university track graduate employment data beyond the first year after graduation?,"It varies by department, but generally, no. Most universities primarily focus on employment data for the first year after graduation."
Location and Accessibility of the University,"How far is the university from the nearest major airport, and what are the transportation options?","It's about 30 miles from the airport. You can take a taxi, ride-sharing service, or the airport shuttle."
Safety and Security on Campus,Are there emergency call boxes or safe walk programs available for students who feel unsafe walking alone?,"Yes, many colleges offer emergency call boxes and/or safe walk programs for students' safety."
"Student Support Services (academic advising, counseling)",What resources are available for students with learning disabilities or ADHD?,"Your college likely has a Disability Services office. They can help with accommodations like extra time on tests, note-taking assistance, and assistive technology. Check their website or contact them directly!"
Hands-on Learning and Project-Based Curriculum,"Can I propose my own project ideas, or are projects typically assigned by instructors?","It depends! Some courses let you propose your own projects, while others assign them. Check the course syllabus or ask the instructor to be sure."
Extracurricular Activities and Clubs,Does participation in extracurricular activities improve my chances of getting internships or jobs after graduation?,"Yes! Extracurriculars show you're well-rounded, have skills, and are engaged, which employers like."
Safety and Security on Campus,What is the university's policy on reporting suspicious activity or potential threats?,"If you see something suspicious, report it immediately to campus security or the local police. Don't hesitate!"
Academic Reputation and Ranking,"What specific ranking systems does the university pay attention to, and why?","We generally focus on rankings that assess research impact, teaching quality, and graduate outcomes. These factors reflect our core mission and values."
Career Services and Graduate Employment Rate,Does the Career Services department offer personalized career counseling and advising?,"Yes, Career Services offers personalized career counseling and advising."
Diversity and Inclusion Initiatives,"What is the university's policy on hate speech and bias incidents, and how is it enforced?","Most universities prohibit hate speech and bias incidents that violate their code of conduct. Enforcement usually involves investigation, potential disciplinary action (like suspension or expulsion), and educational programs."
Campus Culture and Student Life,What are the most popular student organizations or clubs on campus?,"Popular clubs often include student government, debate club, cultural organizations, and sports clubs. Check your school's website or student activities fair for a full list!"
Extracurricular Activities and Clubs,Are there opportunities to start my own club if I don't see one that interests me?,"Yes, most schools allow you to start a new club if you meet their requirements!"
"Campus Facilities and Resources (labs, library, maker spaces)","Are there any maker spaces or workshops on campus, and what kind of equipment and resources are available in them (e.g., 3D printers, laser cutters)?","Yes, there are maker spaces on campus! They usually have 3D printers, laser cutters, and other cool tools. Check the university website or student union for specific locations and equipment lists."
Accommodation Options (on-campus and off-campus),"What is the application process and timeline for on-campus accommodation, and what are the chances of getting my preferred choice?","Apply for on-campus housing as soon as the application opens (usually after you're admitted). Deadlines matter! Your chances of getting your top choice depend on popularity and availability, so apply early and be flexible with your preferences."
Student-Faculty Ratio and Class Sizes,What opportunities are there for students to interact with professors outside of class?,"Professors often have office hours, hold review sessions, and are available via email. Some also lead research projects or host informal gatherings."
Cost of Living in Singapore,How does the cost of living in Singapore compare to other major cities?,"Singapore is generally considered to have a high cost of living, comparable to other major global cities like New York or London."
Scholarship Availability and Eligibility Criteria,"What is the application process for scholarships, and is it separate from the general university application?","Yes, the scholarship application is usually separate from the general university application. Check the university's financial aid or scholarship webpage for specific instructions and deadlines."
"Student Support Services (academic advising, counseling)",How accessible are the academic advisors? Is it easy to schedule appointments?,"Academic advisors are generally accessible. Scheduling appointments is usually easy, often done online or by phone."
Safety and Security on Campus,"How does the university communicate safety alerts and emergency information to students (e.g., text messages, email)?","The university uses text messages, email, and sometimes website alerts to communicate safety and emergency information."
Faculty Expertise and Research Opportunities,What are the primary research areas of the faculty in this department?,"To find the primary research areas, check the department's website! Look for faculty profiles or a research section. They'll usually list their interests there."
Networking Opportunities with Alumni,Are there any success stories of students who have benefited significantly from networking with alumni?,"Yes! Many students get jobs, internships, and valuable career advice through alumni connections."
Scholarship Availability and Eligibility Criteria,"What are the general academic requirements (GPA, test scores) for scholarship eligibility?","Scholarship requirements vary *a lot*! Generally, expect a high GPA (3.5 or above) and strong standardized test scores (SAT/ACT). Check each scholarship's specific criteria."
"Campus Facilities and Resources (labs, library, maker spaces)",How accessible are the campus facilities for students with disabilities?,"Most campuses strive to be accessible, but it varies. Contact the disability services office at the specific school you're interested in for detailed info about their facilities and accommodations."
"Specific Program Strengths (e.g., Engineering, Design)","What resources and facilities are available to engineering students, such as specialized labs, software, or equipment?","Engineering students usually have access to specialized labs (like for circuits, materials, or robotics), software (CAD, simulation tools), and equipment (3D printers, testing machines). Check the specific department's website for details!"
Accommodation Options (on-campus and off-campus),"What are the key differences between on-campus and off-campus accommodation in terms of cost, convenience, and social life?","On-campus is often more convenient and socially active, but can be pricier. Off-campus might be cheaper and offer more independence, but requires more effort to commute and socialize."
Opportunities for International Exchange Programs,"Can I earn credit towards my degree while studying abroad, and how does that process work?","Yes, you can often earn credit studying abroad! Talk to your academic advisor. They'll help you choose programs and courses that transfer back to your degree."
"Campus Facilities and Resources (labs, library, maker spaces)","Does the library offer interlibrary loan services, and how quickly can I typically access materials from other institutions?","Yes, we offer interlibrary loan. Access time varies, but typically you can get materials in 1-2 weeks."
